heuristic_ok,heuristic_residual,heuristic_status,source,target,verified_best_residual,verified_check_ok,verified_map_err,verified_ok,verified_status,verified_tp_err_A,verified_tp_err_Ap
0,0.2501488357400453,"optimal (residual=2.501e-01, threshold=1.000e-06)",0,1,0.24847549410372907,0,0.3601461464192474,0,"multistart_best_only | optimal (residual=2.485e-01, threshold=1.000e-06)",3.2431750605919547e-13,1.820152241623998e-11
0,0.16712372250266108,"optimal (residual=1.671e-01, threshold=1.000e-06)",0,2,0.16675448855284372,0,0.20282778120703138,0,"multistart_best_only | optimal (residual=1.668e-01, threshold=1.000e-06)",2.2747502957507152e-11,3.4910334145036846e-12
0,0.20538639335972456,"optimal (residual=2.054e-01, threshold=1.000e-06)",0,3,0.18187609672548144,0,0.31980099540420237,0,"multistart_best_only | optimal (residual=1.819e-01, threshold=1.000e-06)",6.806579504952976e-12,1.1182731534742092e-11
0,0.15051998596649174,"optimal (residual=1.505e-01, threshold=1.000e-06)",0,4,0.07390131297034498,0,0.20385712441165638,0,"multistart_best_only | optimal (residual=7.390e-02, threshold=1.000e-06)",2.975947298564533e-11,3.177237537299509e-11
0,0.3561643892249337,"optimal (residual=3.562e-01, threshold=1.000e-06)",0,5,0.34781542180956865,0,0.4319544019782187,0,"multistart_best_only | optimal (residual=3.478e-01, threshold=1.000e-06)",1.2611016965321633e-12,1.6035819959808943e-11
0,0.3295035128718315,"optimal (residual=3.295e-01, threshold=1.000e-06)",0,6,0.30557338051043614,0,0.39223344553096967,0,"multistart_best_only | optimal (residual=3.056e-01, threshold=1.000e-06)",2.9425068099904895e-11,2.3332926885759867e-13
0,0.13965466750163477,"optimal (residual=1.397e-01, threshold=1.000e-06)",0,7,0.08039553734995257,0,0.1965459827629697,0,"multistart_best_only | optimal (residual=8.040e-02, threshold=1.000e-06)",5.0110572479938256e-12,6.131605979301122e-11
0,0.11646081694530248,"optimal (residual=1.165e-01, threshold=1.000e-06)",1,0,0.09553670695285718,0,0.30362160362331275,0,"multistart_best_only | optimal (residual=9.554e-02, threshold=1.000e-06)",5.9934533950000325e-12,1.68207175646415e-11
0,0.1323355380268869,"optimal (residual=1.323e-01, threshold=1.000e-06)",1,2,0.1323355380268869,0,0.33394479199053967,0,"multistart_best_only | optimal (residual=1.323e-01, threshold=1.000e-06)",1.6128376861771444e-11,3.654982551588751e-11
0,0.2620324280912755,"optimal (residual=2.620e-01, threshold=1.000e-06)",1,3,0.19792027660626793,0,0.31708868273203006,0,"multistart_best_only | optimal (residual=1.979e-01, threshold=1.000e-06)",6.0160627251226e-12,1.367124539279892e-12
0,0.1607089872304819,"optimal (residual=1.607e-01, threshold=1.000e-06)",1,4,0.0826902586982124,0,0.3165776558308675,0,"multistart_best_only | optimal (residual=8.269e-02, threshold=1.000e-06)",1.2674660339131889e-11,1.6297731698687423e-11
0,0.35325000462584416,"optimal (residual=3.533e-01, threshold=1.000e-06)",1,5,0.2672398743758018,0,0.5197404945477533,0,"multistart_best_only | optimal (residual=2.672e-01, threshold=1.000e-06)",8.225886436531733e-12,9.909135811064563e-11
0,0.32167425380646797,"optimal (residual=3.217e-01, threshold=1.000e-06)",1,6,0.3020327552129417,0,0.4690013207552595,0,"multistart_best_only | optimal (residual=3.020e-01, threshold=1.000e-06)",6.237010186503282e-11,1.6545942747218847e-11
0,0.14027309059633392,"optimal (residual=1.403e-01, threshold=1.000e-06)",1,7,0.10063866577668158,0,0.3610078963652548,0,"multistart_best_only | optimal (residual=1.006e-01, threshold=1.000e-06)",1.01141539639646e-10,1.879854209547983e-10
0,0.08996628759105091,"optimal (residual=8.997e-02, threshold=1.000e-06)",2,0,0.07996571816419026,0,0.1279944178299035,0,"multistart_best_only | optimal (residual=7.997e-02, threshold=1.000e-06)",1.4510411935798487e-11,4.946820104473295e-12
0,0.18433427660623097,"optimal (residual=1.843e-01, threshold=1.000e-06)",2,1,0.1727525855567301,0,0.1879322438550506,0,"multistart_best_only | optimal (residual=1.728e-01, threshold=1.000e-06)",7.007046786102296e-11,4.099518316929738e-12
0,0.21931358455213734,"optimal (residual=2.193e-01, threshold=1.000e-06)",2,3,0.2105570483989387,0,0.25102125442363904,0,"multistart_best_only | optimal (residual=2.106e-01, threshold=1.000e-06)",2.574937724260209e-12,2.6917619845902878e-11
0,0.1351780641452995,"optimal (residual=1.352e-01, threshold=1.000e-06)",2,4,0.09206099042348445,0,0.11635955476085492,0,"multistart_best_only | optimal (residual=9.206e-02, threshold=1.000e-06)",4.144614943418682e-12,5.051499494624764e-12
0,0.33762290000148293,"optimal (residual=3.376e-01, threshold=1.000e-06)",2,5,0.3197403411845361,0,0.36210862123304516,0,"multistart_best_only | optimal (residual=3.197e-01, threshold=1.000e-06)",1.3693496520200341e-11,1.2614204741617303e-11
0,0.3000309851430755,"optimal (residual=3.000e-01, threshold=1.000e-06)",2,6,0.28727084718326057,0,0.30337524350876227,0,"multistart_best_only | optimal (residual=2.873e-01, threshold=1.000e-06)",9.314160537981482e-11,9.706675027864423e-12
0,0.08499673205498494,"optimal (residual=8.500e-02, threshold=1.000e-06)",2,7,0.07779877788979682,0,0.09185319912900727,0,"multistart_best_only | optimal (residual=7.780e-02, threshold=1.000e-06)",1.7208268407988435e-11,3.0995806698352644e-12
0,0.12394575222593351,"optimal (residual=1.239e-01, threshold=1.000e-06)",3,0,0.08843028440204044,0,0.2014101213526071,0,"multistart_best_only | optimal (residual=8.843e-02, threshold=1.000e-06)",4.8922679914270324e-12,6.114128108914195e-13
0,0.3033383770269674,"optimal (residual=3.033e-01, threshold=1.000e-06)",3,1,0.23856129910498086,0,0.39220929078128736,0,"multistart_best_only | optimal (residual=2.386e-01, threshold=1.000e-06)",1.824307955504366e-12,9.628968329840506e-12
0,0.2135803537337723,"optimal (residual=2.136e-01, threshold=1.000e-06)",3,2,0.1562108264375565,0,0.16709681891650513,0,"multistart_best_only | optimal (residual=1.562e-01, threshold=1.000e-06)",3.949951183657706e-12,1.324648815277017e-12
0,0.1489812278042817,"optimal (residual=1.490e-01, threshold=1.000e-06)",3,4,0.09496438761187319,0,0.2525387383819454,0,"multistart_best_only | optimal (residual=9.496e-02, threshold=1.000e-06)",2.080945870863097e-11,1.7270275295686563e-11
0,0.329414434919859,"optimal (residual=3.294e-01, threshold=1.000e-06)",3,5,0.329414434919859,0,0.38061180308487635,0,"multistart_best_only | optimal (residual=3.294e-01, threshold=1.000e-06)",4.21581041070151e-13,1.730308521022843e-11
0,0.3302055617818238,"optimal (residual=3.302e-01, threshold=1.000e-06)",3,6,0.3144300083238367,0,0.35738734368705305,0,"multistart_best_only | optimal (residual=3.144e-01, threshold=1.000e-06)",1.4902420176799866e-12,1.5363262938181845e-11
0,0.16804415132302816,"optimal (residual=1.680e-01, threshold=1.000e-06)",3,7,0.10701863230948062,0,0.23572578453125984,0,"multistart_best_only | optimal (residual=1.070e-01, threshold=1.000e-06)",4.64252979299606e-11,3.7767970123055976e-11
0,0.14180102614161086,"optimal (residual=1.418e-01, threshold=1.000e-06)",4,0,0.08882200704812021,0,0.12105071340582294,0,"multistart_best_only | optimal (residual=8.882e-02, threshold=1.000e-06)",1.8847572994960537e-11,6.559612046818175e-11
0,0.29062752805507347,"optimal (residual=2.906e-01, threshold=1.000e-06)",4,1,0.2577804641141189,0,0.279184693752999,0,"multistart_best_only | optimal (residual=2.578e-01, threshold=1.000e-06)",1.1220588697233446e-10,8.525307678390179e-12
0,0.20751073146130466,"optimal (residual=2.075e-01, threshold=1.000e-06)",4,2,0.1498383335998407,0,0.15961213596875545,0,"multistart_best_only | optimal (residual=1.498e-01, threshold=1.000e-06)",6.965227506303282e-12,1.468989238167186e-11
0,0.2454067811154184,"optimal (residual=2.454e-01, threshold=1.000e-06)",4,3,0.23815724674293076,0,0.26028305263540963,0,"multistart_best_only | optimal (residual=2.382e-01, threshold=1.000e-06)",3.1853611031158804e-11,1.1701277250504331e-11
0,0.3490185984789579,"optimal (residual=3.490e-01, threshold=1.000e-06)",4,5,0.3490185984789579,0,0.3530823874742355,0,"multistart_best_only | optimal (residual=3.490e-01, threshold=1.000e-06)",6.907567308865949e-11,3.586593089424235e-11
0,0.3260793529305881,"optimal (residual=3.261e-01, threshold=1.000e-06)",4,6,0.3230418054836131,0,0.3307467303361999,0,"multistart_best_only | optimal (residual=3.230e-01, threshold=1.000e-06)",1.0083143507514205e-11,4.43127121397526e-11
0,0.16913889419783135,"optimal (residual=1.691e-01, threshold=1.000e-06)",4,7,0.039135980636874165,0,0.07439460201789527,0,"multistart_best_only | optimal (residual=3.914e-02, threshold=1.000e-06)",1.6721261831815925e-11,5.094944267326057e-11
0,0.13492142113632025,"optimal (residual=1.349e-01, threshold=1.000e-06)",5,0,0.09547583945392964,0,0.28436362940938886,0,"multistart_best_only | optimal (residual=9.548e-02, threshold=1.000e-06)",2.103014235182868e-11,2.5238740009249355e-12
0,0.2767346227502297,"optimal (residual=2.767e-01, threshold=1.000e-06)",5,1,0.1621838201920484,0,0.539735296766593,0,"multistart_best_only | optimal (residual=1.622e-01, threshold=1.000e-06)",2.005281947178973e-11,1.9365086471656104e-11
0,0.1921435486662111,"optimal (residual=1.921e-01, threshold=1.000e-06)",5,2,0.13658179367070084,0,0.3983739378248647,0,"multistart_best_only | optimal (residual=1.366e-01, threshold=1.000e-06)",2.22886515808352e-11,2.8623700148087444e-12
0,0.20858778895682784,"optimal (residual=2.086e-01, threshold=1.000e-06)",5,3,0.18050232885264877,0,0.43043741553756,0,"multistart_best_only | optimal (residual=1.805e-01, threshold=1.000e-06)",2.085077705901148e-11,1.2171437724322559e-11
0,0.07719183506900353,"optimal (residual=7.719e-02, threshold=1.000e-06)",5,4,0.07719183506900353,0,0.32659712905009464,0,"multistart_best_only | optimal (residual=7.719e-02, threshold=1.000e-06)",2.394788777030372e-11,7.002050290555972e-12
0,0.313508086492269,"optimal (residual=3.135e-01, threshold=1.000e-06)",5,6,0.2680489184396618,0,0.5361350854144835,0,"multistart_best_only | optimal (residual=2.680e-01, threshold=1.000e-06)",1.2578751791153619e-11,3.9814920492362534e-11
0,0.15472095691443954,"optimal (residual=1.547e-01, threshold=1.000e-06)",5,7,0.07585571349631486,0,0.3274431250955682,0,"multistart_best_only | optimal (residual=7.586e-02, threshold=1.000e-06)",2.26664556855657e-11,1.0148340923333366e-11
0,0.12308791066949226,"optimal (residual=1.231e-01, threshold=1.000e-06)",6,0,0.09619311473992365,0,0.2539337967333922,0,"multistart_best_only | optimal (residual=9.619e-02, threshold=1.000e-06)",4.92183397186893e-13,1.280400654569775e-11
0,0.251391063140489,"optimal (residual=2.514e-01, threshold=1.000e-06)",6,1,0.19237020301211977,0,0.4942623811169826,0,"multistart_best_only | optimal (residual=1.924e-01, threshold=1.000e-06)",5.2142930275924944e-12,1.5687846228500174e-12
0,0.16590586881868227,"optimal (residual=1.659e-01, threshold=1.000e-06)",6,2,0.12674789445915496,0,0.16299975880749934,0,"multistart_best_only | optimal (residual=1.267e-01, threshold=1.000e-06)",3.900995672058587e-13,4.199018359286337e-12
0,0.2167321271292493,"optimal (residual=2.167e-01, threshold=1.000e-06)",6,3,0.21501505525763176,0,0.3359646498700358,0,"multistart_best_only | optimal (residual=2.150e-01, threshold=1.000e-06)",3.927777187685741e-12,3.313187648198634e-11
0,0.13584362703502292,"optimal (residual=1.358e-01, threshold=1.000e-06)",6,4,0.05284074566662997,0,0.2782208518984899,0,"multistart_best_only | optimal (residual=5.284e-02, threshold=1.000e-06)",1.913088165677452e-12,1.2062054481327611e-11
0,0.3288231806212244,"optimal (residual=3.288e-01, threshold=1.000e-06)",6,5,0.31401545748351933,0,0.4816648983735012,0,"multistart_best_only | optimal (residual=3.140e-01, threshold=1.000e-06)",5.330834700169251e-13,7.166953031413671e-12
0,0.1261574145982746,"optimal (residual=1.262e-01, threshold=1.000e-06)",6,7,0.040300252364019566,0,0.2444428579522437,0,"multistart_best_only | optimal (residual=4.030e-02, threshold=1.000e-06)",5.2778428008976506e-12,2.0065186816357682e-10
0,0.15016392535538695,"optimal (residual=1.502e-01, threshold=1.000e-06)",7,0,0.1110640134945298,0,0.15850119471891527,0,"multistart_best_only | optimal (residual=1.111e-01, threshold=1.000e-06)",1.3689973045936116e-11,2.355838811260866e-12
0,0.2783270941004622,"optimal (residual=2.783e-01, threshold=1.000e-06)",7,1,0.2579560101623444,0,0.2901208730738791,0,"multistart_best_only | optimal (residual=2.580e-01, threshold=1.000e-06)",2.172544341856216e-11,1.1477841846583119e-11
0,0.14982490214239083,"optimal (residual=1.498e-01, threshold=1.000e-06)",7,2,0.14982490214239083,0,0.190871977503554,0,"multistart_best_only | optimal (residual=1.498e-01, threshold=1.000e-06)",1.5152451064335627e-11,1.0120079387313287e-12
0,0.26071861950285263,"optimal (residual=2.607e-01, threshold=1.000e-06)",7,3,0.2318435095314146,0,0.26793887288983775,0,"multistart_best_only | optimal (residual=2.318e-01, threshold=1.000e-06)",2.9133997526168484e-12,1.5525982510165774e-10
0,0.1647646253278571,"optimal (residual=1.648e-01, threshold=1.000e-06)",7,4,0.05173615846573758,0,0.13798999479354448,0,"multistart_best_only | optimal (residual=5.174e-02, threshold=1.000e-06)",2.3225978770436998e-12,8.92352820304596e-12
0,0.36592115252965657,"optimal (residual=3.659e-01, threshold=1.000e-06)",7,5,0.35593441203103043,0,0.38625616267113355,0,"multistart_best_only | optimal (residual=3.559e-01, threshold=1.000e-06)",1.8098785575174141e-12,1.7974303547781558e-11
0,0.3302149355898941,"optimal (residual=3.302e-01, threshold=1.000e-06)",7,6,0.31811422837077413,0,0.3724771334063227,0,"multistart_best_only | optimal (residual=3.181e-01, threshold=1.000e-06)",7.296679643360242e-12,1.0755324379568042e-11
